Sample,Label,Color,Marker,Size,Alpha,pH,Ca,Mg,Na,K,HCO3,CO3,Cl,SO4,TDS
Grupo 1,Grupo 1,red,o,30,0.6,5.585,0.218375,0.12875,0.307625,0.03875,0.339785832,0,0.183450704,0.021943574,92.875
Grupo 2,Grupo 2,blue,o,30,0.6,7.084,1.005,0.4485,0.4417,0.08535,1.649093905,0,0.077939437,0.036405434,206.3
Grupo 3,Grupo 3,green,o,30,0.6,6.86,11.022,1.399,0.583,0.036,9.769357496,0,0.081690141,2.319749216,722
